EQ_4yipg2qisfn_out	otherfile_com_alibaba_excel_converters_booleanconverter_BooleanStringConverter_convertToExcelData__lp_LBoolean__Lcom_alibaba_excel_metadata_property_ExcelContentProperty__Lcom_alibaba_excel_metadata_GlobalConfiguration__rp__Lcom_alibaba_excel_metadata_data_WriteCellData_	ERR_FNAME
EQ_4yipg2qisfn_out	otherfile_com_alibaba_excel_converters_booleanconverter_BooleanStringConverter_convertToExcelData__lp_LObject__Lcom_alibaba_excel_metadata_property_ExcelContentProperty__Lcom_alibaba_excel_metadata_GlobalConfiguration__rp__Lcom_alibaba_excel_metadata_data_WriteCellData_	ERR_FNAME
EQ_4yipg2qisfn_out	reffile_com_alibaba_excel_converters_booleanconverter_BooleanStringConverter_convertToExcelData__lp_LBoolean__Lcom_alibaba_excel_metadata_property_ExcelContentProperty__Lcom_alibaba_excel_metadata_GlobalConfiguration__rp__Lcom_alibaba_excel_metadata_data_WriteCellData_	ERR_FNAME
EQ_4yipg2qisfn_out	reffile_com_alibaba_excel_converters_booleanconverter_BooleanStringConverter_convertToExcelData__lp_LObject__Lcom_alibaba_excel_metadata_property_ExcelContentProperty__Lcom_alibaba_excel_metadata_GlobalConfiguration__rp__Lcom_alibaba_excel_metadata_data_WriteCellData_	ERR_FNAME
EQ_4yipg2qisfn_out	EQ_com_alibaba_excel_converters_booleanconverter_BooleanStringConverterconvertToExcelDatalpLBooleanLcom_alibaba_excel_metadata_property_ExcelContentPropertyLcom_alibaba_excel_metadata_GlobalConfigurationrpLcom_alibaba_excel_metadata_data_WriteCellData	ERR_FNAME
EQ_ofggc1dth0s_out	EQ_benchmarks_ej_hash_ej_hash_Eq_SameVtestCollision2lpJIJIrpV	TIMEOUT
EQ_putl12axces_out	EQ_network_HttpGetSnippethttpGetlpLStringrpLjava_net_http_HttpResponse	TIMEOUT
EQ_52uajzr2i5s_out	otherfile_com_alibaba_excel_converters_localdate_LocalDateStringConverter_convertToExcelData__lp_Ljava_time_LocalDate__Lcom_alibaba_excel_metadata_property_ExcelContentProperty__Lcom_alibaba_excel_metadata_GlobalConfiguration__rp__Lcom_alibaba_excel_metadata_data_WriteCellData_	ERR_FNAME
EQ_52uajzr2i5s_out	otherfile_com_alibaba_excel_converters_localdate_LocalDateStringConverter_convertToExcelData__lp_LObject__Lcom_alibaba_excel_metadata_property_ExcelContentProperty__Lcom_alibaba_excel_metadata_GlobalConfiguration__rp__Lcom_alibaba_excel_metadata_data_WriteCellData_	ERR_FNAME
EQ_52uajzr2i5s_out	reffile_com_alibaba_excel_converters_localdate_LocalDateStringConverter_convertToExcelData__lp_Ljava_time_LocalDate__Lcom_alibaba_excel_metadata_property_ExcelContentProperty__Lcom_alibaba_excel_metadata_GlobalConfiguration__rp__Lcom_alibaba_excel_metadata_data_WriteCellData_	ERR_FNAME
EQ_52uajzr2i5s_out	reffile_com_alibaba_excel_converters_localdate_LocalDateStringConverter_convertToExcelData__lp_LObject__Lcom_alibaba_excel_metadata_property_ExcelContentProperty__Lcom_alibaba_excel_metadata_GlobalConfiguration__rp__Lcom_alibaba_excel_metadata_data_WriteCellData_	ERR_FNAME
EQ_52uajzr2i5s_out	EQ_com_alibaba_excel_converters_localdate_LocalDateStringConverterconvertToExcelDatalpLjava_time_LocalDateLcom_alibaba_excel_metadata_property_ExcelContentPropertyLcom_alibaba_excel_metadata_GlobalConfigurationrpLcom_alibaba_excel_metadata_data_WriteCellData	TIMEOUT
EQ_bsowhr2fu12_out	otherfile_it_unisa_complexcalculator_Model_ComplexNumber_toString__lp__rp__LString_	TIMEOUT
EQ_bsowhr2fu12_out	reffile_it_unisa_complexcalculator_Model_ComplexNumber_toString__lp__rp__LString_	TIMEOUT
EQ_bsowhr2fu12_out	EQ_it_unisa_complexcalculator_Model_ComplexNumbertoStringlprpLString	TIMEOUT
EQ_htqg3z5agdx_out	EQ_it_unisa_complexcalculator_Model_Memory_NumberMemorygetStacklprpLjavafx_collections_ObservableList	TIMEOUT
EQ_knmfqqxigdy_out	EQ_bettingprocessor_returnmoneycalculator_ReturnMoneyCalculatorgetMoneyWithProfitOnBSidelpIrpI	ERR_SOLVERCRASH
EQ_qacza51n1bc_out	otherfile_bettingprocessor_domain_objects_Player_1__la_clinit_ra___lp__rp__V	TIMEOUT
EQ_qacza51n1bc_out	reffile_bettingprocessor_domain_objects_Player_1__la_clinit_ra___lp__rp__V	TIMEOUT
EQ_qacza51n1bc_out	EQ_bettingprocessor_domain_objects_PlayerdepositlpIrpV	TIMEOUT
EQ_tjkakpi04ae_out	otherfile_it_unisa_complexcalculator_Model_ComplexNumber_toString__lp__rp__LString_	TIMEOUT
EQ_tjkakpi04ae_out	otherfile_it_unisa_complexcalculator_Model_ComplexNumber_parse__lp_LString__rp__Lit_unisa_complexcalculator_Model_ComplexNumber_	TIMEOUT
EQ_tjkakpi04ae_out	reffile_it_unisa_complexcalculator_Model_ComplexNumber_toString__lp__rp__LString_	TIMEOUT
EQ_tjkakpi04ae_out	reffile_it_unisa_complexcalculator_Model_ComplexNumber_parse__lp_LString__rp__Lit_unisa_complexcalculator_Model_ComplexNumber_	TIMEOUT
EQ_tjkakpi04ae_out	EQ_it_unisa_complexcalculator_Model_ComplexNumberequalslpLObjectrpZ	TIMEOUT
EQ_xcnu42auqk5_out	otherfile_com_alibaba_excel_converters_localdate_LocalDateStringConverter_convertToExcelData__lp_Ljava_time_LocalDate__Lcom_alibaba_excel_metadata_property_ExcelContentProperty__Lcom_alibaba_excel_metadata_GlobalConfiguration__rp__Lcom_alibaba_excel_metadata_data_WriteCellData_	ERR_FNAME
EQ_xcnu42auqk5_out	otherfile_com_alibaba_excel_converters_localdate_LocalDateStringConverter_convertToExcelData__lp_LObject__Lcom_alibaba_excel_metadata_property_ExcelContentProperty__Lcom_alibaba_excel_metadata_GlobalConfiguration__rp__Lcom_alibaba_excel_metadata_data_WriteCellData_	ERR_FNAME
EQ_xcnu42auqk5_out	reffile_com_alibaba_excel_converters_localdate_LocalDateStringConverter_convertToExcelData__lp_Ljava_time_LocalDate__Lcom_alibaba_excel_metadata_property_ExcelContentProperty__Lcom_alibaba_excel_metadata_GlobalConfiguration__rp__Lcom_alibaba_excel_metadata_data_WriteCellData_	ERR_FNAME
EQ_xcnu42auqk5_out	reffile_com_alibaba_excel_converters_localdate_LocalDateStringConverter_convertToExcelData__lp_LObject__Lcom_alibaba_excel_metadata_property_ExcelContentProperty__Lcom_alibaba_excel_metadata_GlobalConfiguration__rp__Lcom_alibaba_excel_metadata_data_WriteCellData_	ERR_FNAME
EQ_xcnu42auqk5_out	EQ_com_alibaba_excel_converters_localdate_LocalDateStringConverterconvertToExcelDatalpLjava_time_LocalDateLcom_alibaba_excel_metadata_property_ExcelContentPropertyLcom_alibaba_excel_metadata_GlobalConfigurationrpLcom_alibaba_excel_metadata_data_WriteCellData	TIMEOUT
EQ_yo1ortq3kh2_out	EQ_kr_huni_code_generator_JavaCodeGeneratorlaclinitralprpV	TIMEOUT
EQ_dbwnbib1y0q_out	otherfile_it_unisa_complexcalculator_Model_Memory_VariableMemory_updateVariable__lp_LCharacter__Lit_unisa_complexcalculator_Model_ComplexNumber__rp__V	TIMEOUT
EQ_dbwnbib1y0q_out	otherfile_it_unisa_complexcalculator_Model_Memory_VariableMemory_loadVariableState__lp__rp__V	TIMEOUT
EQ_dbwnbib1y0q_out	otherfile_it_unisa_complexcalculator_Model_Memory_VariableMemory_updateVariable__lp_LCharacter__Lit_unisa_complexcalculator_Model_ComplexNumber__rp__V_loop1	TIMEOUT
EQ_dbwnbib1y0q_out	reffile_it_unisa_complexcalculator_Model_Memory_VariableMemory_updateVariable__lp_LCharacter__Lit_unisa_complexcalculator_Model_ComplexNumber__rp__V	TIMEOUT
EQ_dbwnbib1y0q_out	reffile_it_unisa_complexcalculator_Model_Memory_VariableMemory_loadVariableState__lp__rp__V	TIMEOUT
EQ_dbwnbib1y0q_out	reffile_it_unisa_complexcalculator_Model_Memory_VariableMemory_updateVariable__lp_LCharacter__Lit_unisa_complexcalculator_Model_ComplexNumber__rp__V_loop1	TIMEOUT
EQ_dbwnbib1y0q_out	EQ_it_unisa_complexcalculator_Model_Memory_VariableMemoryupdateVariablelpLCharacterLit_unisa_complexcalculator_Model_ComplexNumberrpVloop1	TIMEOUT
EQ_bnxhlpcselv_out	otherfile_bettingprocessor_main_BettingProcessor_processBettingData__lp__rp__V	TIMEOUT
EQ_bnxhlpcselv_out	otherfile_bettingprocessor_main_BettingProcessor_analyzeInputAndSaveDataToCasino__lp__rp__V	TIMEOUT
EQ_bnxhlpcselv_out	otherfile_bettingprocessor_main_BettingProcessor_addMatchesToCasino__lp_LList__rp__V	TIMEOUT
EQ_bnxhlpcselv_out	otherfile_bettingprocessor_main_BettingProcessor_analyzePlayerAction__lp_Lbettingprocessor_dto_PlayerAction__rp__V	TIMEOUT
EQ_bnxhlpcselv_out	otherfile_bettingprocessor_main_BettingProcessor_getMatchByIdFromCasinoOrIsNotAMatch__lp_LUUID__rp__Lbettingprocessor_domain_objects_Match_	TIMEOUT
EQ_bnxhlpcselv_out	otherfile_bettingprocessor_main_BettingProcessor_addMatchesToCasino__lp_LList__rp__V_loop1	TIMEOUT
EQ_bnxhlpcselv_out	otherfile_bettingprocessor_domain_objects_Casino_getMatchById__lp_LUUID__rp__Lbettingprocessor_domain_objects_Match_	TIMEOUT
EQ_bnxhlpcselv_out	otherfile_bettingprocessor_domain_objects_Casino_getPlayerById__lp_LUUID__rp__Lbettingprocessor_domain_objects_Player_	TIMEOUT
EQ_bnxhlpcselv_out	reffile_bettingprocessor_main_BettingProcessor_processBettingData__lp__rp__V	TIMEOUT
EQ_bnxhlpcselv_out	reffile_bettingprocessor_main_BettingProcessor_analyzeInputAndSaveDataToCasino__lp__rp__V	TIMEOUT
EQ_bnxhlpcselv_out	reffile_bettingprocessor_main_BettingProcessor_addMatchesToCasino__lp_LList__rp__V	TIMEOUT
EQ_bnxhlpcselv_out	reffile_bettingprocessor_main_BettingProcessor_analyzePlayerAction__lp_Lbettingprocessor_dto_PlayerAction__rp__V	TIMEOUT
EQ_bnxhlpcselv_out	reffile_bettingprocessor_main_BettingProcessor_getMatchByIdFromCasinoOrIsNotAMatch__lp_LUUID__rp__Lbettingprocessor_domain_objects_Match_	TIMEOUT
EQ_bnxhlpcselv_out	reffile_bettingprocessor_main_BettingProcessor_addMatchesToCasino__lp_LList__rp__V_loop1	TIMEOUT
EQ_bnxhlpcselv_out	reffile_bettingprocessor_domain_objects_Casino_getMatchById__lp_LUUID__rp__Lbettingprocessor_domain_objects_Match_	TIMEOUT
EQ_bnxhlpcselv_out	reffile_bettingprocessor_domain_objects_Casino_getPlayerById__lp_LUUID__rp__Lbettingprocessor_domain_objects_Player_	TIMEOUT
EQ_bnxhlpcselv_out	EQ_bettingprocessor_main_BettingProcessoranalyzeInputAndSaveDataToCasinolprpV	TIMEOUT
EQ_elbns5m3uk4_out	EQ_org_freenesis_airplay_jap2lib_AirPlaydecryptAudiolplqBIrpV	TIMEOUT
EQ_jqp2kinnr5j_out	otherfile_bettingprocessor_main_BettingProcessor_processBettingData__lp__rp__V	TIMEOUT
EQ_jqp2kinnr5j_out	otherfile_bettingprocessor_main_BettingProcessor_analyzeInputAndSaveDataToCasino__lp__rp__V	TIMEOUT
EQ_jqp2kinnr5j_out	otherfile_bettingprocessor_main_BettingProcessor_analyzePlayerAction__lp_Lbettingprocessor_dto_PlayerAction__rp__V	TIMEOUT
EQ_jqp2kinnr5j_out	otherfile_bettingprocessor_main_BettingProcessor_getMatchByIdFromCasinoOrIsNotAMatch__lp_LUUID__rp__Lbettingprocessor_domain_objects_Match_	TIMEOUT
EQ_jqp2kinnr5j_out	otherfile_bettingprocessor_domain_objects_Casino_getMatchById__lp_LUUID__rp__Lbettingprocessor_domain_objects_Match_	TIMEOUT
EQ_jqp2kinnr5j_out	otherfile_bettingprocessor_domain_objects_Casino_getPlayerById__lp_LUUID__rp__Lbettingprocessor_domain_objects_Player_	TIMEOUT
EQ_jqp2kinnr5j_out	reffile_bettingprocessor_main_BettingProcessor_processBettingData__lp__rp__V	TIMEOUT
EQ_jqp2kinnr5j_out	reffile_bettingprocessor_main_BettingProcessor_analyzeInputAndSaveDataToCasino__lp__rp__V	TIMEOUT
EQ_jqp2kinnr5j_out	reffile_bettingprocessor_main_BettingProcessor_addMatchesToCasino__lp_LList__rp__V	TIMEOUT
EQ_jqp2kinnr5j_out	reffile_bettingprocessor_main_BettingProcessor_analyzePlayerAction__lp_Lbettingprocessor_dto_PlayerAction__rp__V	TIMEOUT
EQ_jqp2kinnr5j_out	reffile_bettingprocessor_main_BettingProcessor_getMatchByIdFromCasinoOrIsNotAMatch__lp_LUUID__rp__Lbettingprocessor_domain_objects_Match_	TIMEOUT
EQ_jqp2kinnr5j_out	reffile_bettingprocessor_domain_objects_Casino_getMatchById__lp_LUUID__rp__Lbettingprocessor_domain_objects_Match_	TIMEOUT
EQ_jqp2kinnr5j_out	reffile_bettingprocessor_domain_objects_Casino_getPlayerById__lp_LUUID__rp__Lbettingprocessor_domain_objects_Player_	TIMEOUT
EQ_jqp2kinnr5j_out	EQ_bettingprocessor_domain_objects_CasinolambdagetLegitimatePlayers3lpLbettingprocessor_domain_objects_PlayerrpZ	TIMEOUT
EQ_sz1wo0jj0sg_out	otherfile_org_apache_dubbo_common_Version_isRelease270OrHigher__lp_LString__rp__Z	TIMEOUT
EQ_sz1wo0jj0sg_out	otherfile_org_apache_dubbo_common_Version_isRelease263OrHigher__lp_LString__rp__Z	TIMEOUT
EQ_sz1wo0jj0sg_out	otherfile_org_apache_dubbo_common_Version_isSupportResponseAttachment__lp_LString__rp__Z	TIMEOUT
EQ_sz1wo0jj0sg_out	otherfile_org_apache_dubbo_common_Version_getIntVersion__lp_LString__rp__I	TIMEOUT
EQ_sz1wo0jj0sg_out	otherfile_org_apache_dubbo_common_Version_parseInt__lp_LString__rp__I	TIMEOUT
EQ_sz1wo0jj0sg_out	otherfile_org_apache_dubbo_common_Version_getPrefixDigits__lp_LString__rp__LString_	TIMEOUT
EQ_sz1wo0jj0sg_out	otherfile_org_apache_dubbo_common_Version_getVersion__lp_LClass__LString__rp__LString_	TIMEOUT
EQ_sz1wo0jj0sg_out	otherfile_org_apache_dubbo_common_Version__la_clinit_ra___lp__rp__V	TIMEOUT
EQ_sz1wo0jj0sg_out	reffile_org_apache_dubbo_common_Version_isRelease270OrHigher__lp_LString__rp__Z	TIMEOUT
EQ_sz1wo0jj0sg_out	reffile_org_apache_dubbo_common_Version_isRelease263OrHigher__lp_LString__rp__Z	TIMEOUT
EQ_sz1wo0jj0sg_out	reffile_org_apache_dubbo_common_Version_isSupportResponseAttachment__lp_LString__rp__Z	TIMEOUT
EQ_sz1wo0jj0sg_out	reffile_org_apache_dubbo_common_Version_getIntVersion__lp_LString__rp__I	TIMEOUT
EQ_sz1wo0jj0sg_out	reffile_org_apache_dubbo_common_Version_parseInt__lp_LString__rp__I	TIMEOUT
EQ_sz1wo0jj0sg_out	reffile_org_apache_dubbo_common_Version_getPrefixDigits__lp_LString__rp__LString_	TIMEOUT
EQ_sz1wo0jj0sg_out	reffile_org_apache_dubbo_common_Version_getVersion__lp_LClass__LString__rp__LString_	TIMEOUT
EQ_sz1wo0jj0sg_out	reffile_org_apache_dubbo_common_Version__la_clinit_ra___lp__rp__V	TIMEOUT
EQ_sz1wo0jj0sg_out	EQ_org_apache_dubbo_common_VersionisSupportResponseAttachmentlpLStringrpZ	TIMEOUT
